,Path,Canonical,Transcript,Predict
0,PC_7_NAM_S0004_96,t 7 _5a r 7_X t _5b t_h i k _5b v e _2 k wp e _1,t 7 _5a z 7_X t _5b t_h i k _5b v e _2 k wp e _1,t 7 _5a 7_X t _5b t_h i k _5b v e _2 k wp e _1
1,NMA_7_NU_S0002_274,k uo k _6b t_h i _1 d M7 k _6b t o _3 ts_ M k _5b t M _2 n a_X m _1 h a j _1 h a j _1 N i n _2 l i J _1 t a m _5a m o j _4 n a_X m _1 m o t _6b l 7_X n _2,k uo k _6b t_h i _1 d M7 k _6b t o _3 ts_ M k _5b t M _2 l a_X m _1 h a j _1 h a j _1 N i n _2 l i J _1 t a m _5a m o j _4 l a_X m _1 m o t _6b l 7_X n _2,k uo k _6b t_h i _1 d M7 k _6b t o _3 ts_ M k _5b t M N _2 h o j _2 a m _2 h wp a_X j _1 h a j _1 N i n _2 l 7_X J _1 t a m _1 m o j _4 l a_X m _1 b o t _6b l 7_X n _2
2,CNBA_Nu_6_S0003_130,S a_X w _1 d O _5a n O _5a G a_X p _6b J M N _4 k O n _1 dZ i _2,s a_X w _1 d O _5a l O _5a G a_X p _6b J M N _4 k O n _1 dZ i _2,S a_X w _1 d O _5a l O _5a G a_X p _6b J M N _4 k O n _1 dZ i _2
3,LXT_Nam_6_S0008_70,S O j _5a v a _2 z e _1,s O j _5a v a _2 z e _1,S O j _5a v a _3 dZ e _1
4,ĐNK_7_NU_S0048_76,v i _1 v u _1 v i _1 v u t _5b t M _2 tS e n _1 tS 7 j _2 s E_X J _1 t_h a_X m _3,v i _1 v u _1 v i _1 v u t _5b t M _2 tS e n _1 tS 7 j _2 s E_X J _1 t_h a m _3,v i _1 v u _1 v i _1 v u t _5b t M _2 tS e n _1 tS 7 j _2 s E_X J _1 t_h a m _3
5,CNBA_Nu_6_S0003_173,b a _1 k a _5a m 7_X p _6b ts_ a_X N _3 t i m _2 r a _1 k a _5a m a_X N _1,b a _1 k a _5a m 7_X p _6b ts_ a_X N _3 t i m _2 z a _1 k a _5a m a_X N _1,b a _5a k a _5a m 7_X p _6b ts_ a_X N _3 t i m _2 r a _1 k a _5a m a_X N _3
6,PC_7_NAM_S0004_82,v i _2 7 _3 d 7_X j _5a k O _5a r 7_X t _5b J ie w _2 k E_X J _3 d E p _6b,v i _2 7 _3 d 7_X j _5a k O _5a z 7_X t _5b J ie w _2 k E_X J _3 d E p _6b,dZ i _2 7 _5a 7_X _5a k O _5a r 7_X t _5b J ie w _2 k E_X J _6a b E _6b
7,ĐNK_7_NU_S0048_81,k o _5a r M7 n _5a k a_X p _6b m O _3 t_h E_X J _1 m E_X J _3,k o _5a r M7 n _5a k a_X p _6b m O _3 t_h E_X J _1 t_h a m _3,k o _5a r M7 n _5a k a_X p _6b m O _3 t_h a_X m _1 t_h a _3
8,HYT_Nu_6_S0005_1,S a_X w _1 d 7_X j _1 t 7 _5a S E _4 d O_X kp _6b b a j _2 ts_ uo t _6b u t _5b,S a_X w _1 d 7_X j _1 t 7 _5a s E _4 d O_X kp _6b b a j _2 ts_ uo t _6b u t _5b,S O_X w _1 d 7_X j _1 t 7 _5a S E d O_X kp _6b b a j _2 ts_ uo t _6b u t _5b
9,NMA_7_NU_S0002_40,l O_X Nm _2 S uo j _5a J ie w _2 d a _5a S a_X k _5b,l O_X Nm _2 s uo j _5a J ie w _2 d a _5a s a_X t _5b,l O_X Nm _2 S uo j _5a J ie w _2 d a _5a S a_X t _5b
10,PTL_7_NU_S0008_149,h a j _1 v 7_X j _1 v E _1 v 7_X j _3 n O _5a b 7 j _1 r 7_X t _5b t a j _2,h a j _1 v 7_X j _1 v E _1 v 7_X j _3 l O _5a b 7 j _1 r 7_X t _5b t a j _2,h a j _1 N wp ie n _1 v E _1 m _2 l O _3 v 7 j _1 b a k _5b t a j _2
11,CNBA_Nu_6_S0003_151,k a _5a m 7_X p _6b a p _5b S a t _5b k a _5a m a_X N _1,k a _5a m 7_X p _6b a p _5b s a t _5b k a _5a m a_X N _1,k a _5a m 7_X kp _6b a p _5b S a t _5b k a _5a m a_X N _1
12,PTL_7_NU_S0008_68,x u Nm _3 l O_X Nm _1 m o Nm _6a t_h e _5a t ie n _2 S M _3,x u Nm _3 l O_X Nm _1 m o Nm _6a t_h e _5a l ie n _2 s M _3,x u Nm _3 l O_X Nm _1 m o Nm _1 t_h e _5a l ie n _2 S M _1
13,NMA_7_NU_S0002_240,dZ a_X k _6b N wp ie n _1 ts_ O _1 S M _5a t_h 7_X n _2 S a N _1 dZ a _3 v 7 _2 m M7 n _6a d M7 N _2 d e _3 s 7_X m _1 ts_ ie m _5a n M7 k _5b t a _1,dZ a_X k _6b N wp ie n _1 ts_ O _1 s M _5a t_h 7_X n _2 s a N _1 dZ a _3 v 7 _2 m M7 n _6a d M7 N _2 d e _3 s 7_X m _1 ts_ ie m _5a n M7 k _5b t a _1,a _3 k wp ie n _1 ts_ O _1 s M _5a t_h 7_X n _2 a S a m _1 dZ a _3 v a w _3 m M7 n _6a d M7 N _2 d e _3 s 7_X m _1 ts_ ie m _5a n e k _5b t a _1
14,PC_7_NAM_S0004_88,k wp e _1 b a n _6a k O _5a d a_X k _6b S a n _3 dZ i _2,k wp e _1 b a n _6a k O _5a d a_X k _6b s a n _3 dZ i _2,k wp e _1 b a n _6a k O _5a d a_X k _6b S a n _3 dZ i _2
15,TTD_7_NAM_S0001_181,tS 7_X w _1 r a _1 N wp a j _2 r uo N _6a tS 7_X w _1 k a_X j _2 v 7 j _5a t a _1,tS 7_X w _1 z a _1 N wp a j _2 z uo N _6a tS 7_X w _1 k a_X j _2 v 7 j _5a t a _1,ts_ 7_X w _1 z a _1 N wp a j _2 G M7 N t ts_ 7_X w _1 k 7_X j_2 v 7 j _5a t a _2
16,NTM_Nam_6_S00010_45,ts_ i m _1 x M7 w _5a tS a j _1 tS 7_X w _1,ts_ i m _1 x i w _5a tS a j _1 tS 7_X w _1,ts_ i m _1 ie w _5a tS a j _1 tS 7_X w _1
17,PC_7_NAM_S0004_72,v i _2 S a w _1 b a n _6a l a j _6a t_h i k _5b m o n _1 t ie N _5a E_X J _1,v i _2 s a w _1 b a n _6a l a j _6a t_h i k _5b m o n _1 t ie N _5a E_X J _1,v i _2 S a w _1 b a n _1 a j k e k _5b m o n _1 t ie N _5a a n _1
18,PTL_7_NU_S0008_66,s M _5a S 7 _3 m uo N _1 t_h u _5a,s M _5a s M _3 m uo N _1 t_h u _5a,s M _5a S M _3 m uo n _1 t_h u _5a
19,NMA_7_NU_S0002_191,l u _4 k O n _1 ts_ ie m _1 ts_ ie p _5b t_h E w _1 l ie n _2 d a_X N _2 S a_X w _1,l u _4 k O n _1 ts_ ie m _1 ts_ ie p _5b t_h E w _1 l ie n _1 d a_X N _2 s a_X w _1,l u _4 k O n _1 ts_ ie m _1 ts_ ie p _5b t_h E w _1 l ie n _1 d a _3 s a_X w _3
20,NDBA_7_NAM_S0010_103,t_h e _5a n a w _2 J a _2 v uo _1 k u Nm _4 tS O_X Nm _6a t M7 N _3 t_h M7 N _3,t_h e _5a n a w _2 J a _2 v uo _1 k u Nm _4 ts_ O n _6a t M7 N _3 t_h M7 N _3,t_h e _5a n a w _2 J a _2 v uo _2 k u Nm _4 ts_ O n _6a t M7 _3 t_h M7 N _3
21,NHM_7_NU_S0006_41,v i _2 S a w _1 t_h 7_X n _2 dZ O _5a f a j _3 ts_ i w _6a t_h uo _1 o Nm _1 m E_X J _6a,v i _2 s a w _1 t_h 7_X n _2 dZ O _5a f a j _3 ts_ i w _6a t_h uo _1 o Nm _1 m E_X J _6a,v i _2 S a w _1 t_h t_h 7_X n _2 h ie w _2 O j _2ts_ i _6a t_h uo _3 o Nm _1 m E_X J _6a
22,LXT_Nam_6_S0008_12,t ie p _5b d O _5a l a j _6a k wp a_X j _1 S a N _1 G a _2 m a j _5a v a N _2,t ie p _5b d O _5a l a j _6a k wp a_X j _1 s a N _1 G a _2 m a j _5a v a N _2,k ie p _5b d O _5a l a j _6a k wp a_X j _1S a N _1 G a _3 m a j _5a v a N _2
23,LXT_Nam_6_S0008_29,s e _1 G a _2 tS o Nm _5a S a j _1 x ie n _5a z a_X j _6a z o _4 t 7_X t _5b k a _3,s e _1 G a _2 tS o Nm _5a s a j _1 x ie n _5a z a_X j _6a z o _4 t 7_X t _5b k a _3,s e _1 l a _2 o Nm _5a a t _5b ie n _3 z 7_X n r o _5a 7_X t _5b k a _3
24,CPT_Nu_6_S0004_16,k O n _1 k O n _2 G a_X p _6b m o t _6b k O n _1 t_h u _5a r 7_X t _5b h ie n _2,k O n _1 k O n _2 G o p _6b m o t _6b k O n _1 t_h u _5a r 7_X t _5b h ie n _2,k O n _1 k O n _2 m o p _6b m o t _6b k O n _1 t_h u _5a d 7_X t _5b h ie n _2
25,NMA_7_NU_S0002_77,S M _1 t M _3 b a n _2 ts_ wp ie n _6a s wp 7_X t _5b k wp 7_X n _1,s M _1 t M _3 b a n _2 ts_ wp ie n _6a s wp 7_X t _5b k wp 7_X n _1,S M _1 t M _3 b a n _2 ts_ wp ie n _6a s wp 7_X t _5b k wp 7_X n _1
26,ĐNL_Nu_6_S0007_43,k a _5a b 7 j _1 z M7 j _5a S uo j _5a,k a _5a b 7 j _1 z M7 j _5a s uo j _5a,m 7 _5a t M N _5a S uo j _5a
27,GQM_Nam_6_S0006_19,d O _5a l a _2 k E _3 t_h u _2 k uo _3 J a _2 ts_ uo t _6b,d O _5a l a _2 k E _3 t_h u _5a k uo _3 J a _2 ts_ uo t _6b,d O _5a l a _2 k E _3 t_h u _5a k uo _3 J a _2 ts_ uo t _6b
28,NDBA_7_NAM_S0010_190,d M7 N _2 r M N _2 l a_X m _5a l wp a j _6a G a j _1,d M7 N _2 z M N _2 l a_X m _5a l wp a j _6a G a j _1,d M N _2 z M N _2 l a_X m _5a l wp a j _6a k a_X j _1
29,NMA_7_NU_S0002_91,ts_ u Nm _5a z u Nm _2 r a_X N _1 N wp a m _6a ts_ a_X t _6b z a _1 k o _3 k uo _3 k O n _1 r o j _2 dZ M _4 l u Nm _3 l a_X N _3 tS e n _1 S uo t _5b d M7 N _2 d i _1,ts_ u Nm _5a z u Nm _2 z a_X N _1 N wp a m _6a ts_ a_X t _6b z a _1 k o _3 k uo _3 k O n _1 z o j _2 dZ M _4 l u Nm _3 l a_X N _3 tS e n _1 s uo t _5b d M7 N _2 d i _1,ts_ u Nm _1 z u N _2 z a_X N _1 N wp a n _2 ts_ 7_X t _6b z a _1 k o _3 k uo _3 k O n _1 d o j _2 s M _5a l u Nm _3 l a_X N _2 tS e n _1 s uo t _5b d M7 N _2 d i _1
30,THA_Nu_6_S00042_169,z e _1 m E _6a z a_X n _6a k a k _5b k O n _1 d ie w _2 dZ i _2,r e _1 m E _6a z a_X n _6a k a k _5b k O n _1 d ie w _2 dZ i _2,v e _1 m E _3 z a_X k _6b k a k k O n _1 d ie w _2 r i _2
31,NMA_7_NU_S0002_116,l uo _5a v a N _2 G 7 n _6a S O_X Nm _5a,l uo _5a v a N _2 G 7 n _6a s O_X Nm _5a,l uo _5a v a N _2 G 7 n _6a s O_X Nm _5a
32,NDBA_7_NAM_S0010_140,ts_ i _3 r ie N _1 k O _5a h wp a N _2 t M _3 t M _3 l a N _1 l ie w _1 l a _2 ts_ a_X m _1 ts_ i _3 v a _2 ie w _1 t_h i k _5b tS o Nm _2 tS O t _6b,ts_ i _3 r ie N _1 k O _5a h wp a N _2 t M _3 t M _3 l a N _1 l ie w _1 l a _2 ts_ a_X m _1 ts_ i _3 v a _2 ie w _1 t_h i k _5b tS o Nm _2 tS O j _6a,ts_ i _3 r ie N _1 k O _5a h a N _2 t M _3 t M _3 l a N _2 l ie w _1 l a _2 ts_ a_X m _1 ts_ i _3 v a j _2 ie w _2 t_h i k _5b ts_ o Nm _2 ts_ O j _4
33,THA_Nu_6_S00042_228,x a m _5a v a m _6a v a m _6a v 7 _4 k wp a _3 tS a m _5a,x a m _5a v a m _6a v a m _6a v 7 _4 k wp a _3 ts_ a m _5a,x a m _5a v a _6a v a _6a v 7 _4 k wp a _3 tS a m _5a
34,MK_7_NU_S0007_12,t 7 _5a r 7_X t _5b ie w _1 dZ a _1 d i J _2 t 7 _5a,t 7 _5a z 7_X t _5b ie w _1 dZ a _1 d i J _2 t 7 _5a,t 7 _5a 7_X t _6b ie w _1 a d i J _2 t 7 _5a
35,LXT_Nam_6_S0008_72,z u _2 r 7_X t _5b S 7 _6a z e _1 v 7_X n _4 b i J _2 t i J _4 n O j _5a,z u _2 r 7_X t _5b s 7 _6a z e _1 v 7_X n _4 b i J _2 t i J _4 n O j _5a,z u _2 r 7_X t _5b S 7 _3_6a v i _2 v 7_X n _4 b i J _2 t i J _6a n O j _5a
36,TTMK_7_NU_S0044_173,ts_ i m _1 b i _6a k 7_X m _2 t u _2 h O_X Nm _6a x o _1 b O_X Nm _3 v i _2 x a t _5b,ts_ i m _1 b i _6a k 7_X m _2 t u _2 h 7_X N _6a x o _1 b O_X Nm _3 v i _2 x a t _5b,m i m _1m i _6a k 7_X m _2 t u _2 h O_X kp _6a x o _1 b O_X Nm _1 v i _2 x a k _5b
37,LXT_Nam_6_S0008_34,G a _2 tS o Nm _5a S a j _1 x ie n _5a v a _2 z a_X j _6a z o _4 t 7_X t _5b k a _3 ts_ O _1 m i J _2 l a _2 r 7_X t _5b k wp a n _1 tS O_X Nm _6a,G a _2 tS o Nm _5a s a j _1 x ie n _5a v a _2 z a_X j _6a z o _4 t 7_X t _5b k a _3 ts_ O _1 m i J _2 l a _2 z 7_X t _5b k wp a n _1 tS O_X Nm _6a,t_h a _2 tS o Nm _5a s a_X j _1 x E _5a v a _2 z a_X j _6a z o _2 t 7_X k _5b k a _3 h a n _6a G a _3 ts_ wp 7_X n _3 b i _3 ts_ O _1 m i J _2 l a _2 r 7_X t _5b k wp a n _1 tS O_X Nm _6a
38,TTD_7_NAM_S0001_16,r o j _2 dZ 7 _2 t 7 _5a h O j _3 k 7_X w _6a J E _5a,z o j _2 dZ 7 _2 t 7 _5a h O j _3 k 7_X w _6a J E _5a,r o j _2 dZ 7 _2 t o j h O j _3 k 7_X w _6a J E _5a
39,CNBA_Nu_6_S0003_67,t_h O _3 S 7 _6a M7 t _5b 7 _3 b e n _1 b 7 _2 7 _3 tS e n _1 b 7 _2 k o _3 v u _4,t_h O _3 s 7 _6a M7 t _5b 7 _3 b e n _1 b 7 _2 7 _3 tS e n _1 b 7 _2 k o _3 v u _4,t_h a _3 s 7 _6a M7 t _5b 7 _3 b e n _1 b 7 _2 7 _3 tS e n _1 b 7 _2 k o _3 v u _6b
40,TTD_7_NAM_S0001_89,b 7_X j _1 dZ 7 _2 ts_ wp ie n _3 S a N _1 f 7_X n _2 h a j _1,b 7_X j _1 dZ 7 _2 ts_ wp ie n _3 s a N _1 f 7_X n _2 h a j _1,b 7_X j _1 7 _2 ts_ wp ie n _3 S a N _2 7_X n _2 h a j _3
41,VTA_Nam_6_S0002_21,h o m _1 S a_X w _1 k wp a _6a d a N _1 d 7_X w _6a 7 _3 b 7 _2 r a w _2 t_h i _2 b i _6a ts_ O _5a v o _2,h o m _1 s a_X w _1 k wp a _6a d a N _1 d 7_X w _6a 7 _3 b 7 _2 z a w _2 t_h i _2 b i _6a ts_ O _5a v o _2,h o m _1 S a_X w _1 k wp a _3 d a N _1 d 7_X w _6a 7 _3 b 7 _2 z a w _1 t_h i _2 b i _6a ts_ O _5a b o Nm _2
42,TTD_7_NAM_S0001_121,x o Nm _1 k 7_X w _6a n O j _5a k a j _5a t M _2 d i _1 h O_X kp _6b n O _5a S a j _1 r o j _2 k 7_X w _6a f a j _3 n O j _5a t M _2 d i _1 h O_X kp _6b v e _2,x o Nm _1 k 7_X w _6a n O j _5a k a j _5a t M _2 d i _1 h O_X kp _6b n O _5a s a j _1 z o j _2 k 7_X w _6a f a j _3 n O j _5a t M _2 d i _1 h O_X kp _6b v e _2,a x o Nm _5a k 7_X w _6a n O j _5a k a j _5a t M _2 d i _1 h O_X kp _6b O _5a a j _1 r o j _2 ts_ 7_X w l a j _6a n O j _5a t M _2 d i _1 h O_X kp _6b v e _2
43,LXT_Nam_6_S0008_6,S a N _5a S a N _5a G a _2 tS o Nm _5a G a_X j _5a v a N _1,s a N _5a s a N _5a G a _2 tS o Nm _5a G a_X j _5a v a N _1,S a N _5a S a N _5a G a _5a o Nm _5a a_X j _5a v a N _1
44,CNBA_Nu_6_S0003_115,S a N _5a S a N _5a m E _6a z 7_X n _4 ts_ u _5a d i _1 k ie m _5a a_X n _1,s a N _5a s a N _5a m E _6a z 7_X n _4 ts_ u _5a d i _1 k ie m _5a a_X n _1,S a N _5a S a N _5a m E _6a z 7_X n ts_ u _5a d i _3 k ie m _5a a_X n _3
45,NHM_7_NU_S0006_21,d o Nm _2 b a_X N _2 l a _2 v u Nm _2 d 7_X t _5b r 7_X t _5b r o Nm _6a b a_X N _2 f a_X N _3,d o Nm _2 b a_X N _2 l a _2 v u Nm _2 d 7_X t _5b z 7_X t _5b z o Nm _6a b a_X N _2 f a_X N _3,d 7_X N _2 b a_X N _2 n a w _2 a j _2 l 7_X t _1 N k t i k _5b z 7_X w _6a b a_X N _2 f a n _1
46,TPA_Nu_6_S0009_129,t_h 7_X j _5a k o _1 h a j _1 d a N _1 s E _1 ts_ i _3 S O_X kp _5b k O n _1 b a _3,t_h 7_X j _5a k o _1 h a j _1 d a N _1 s E _1 ts_ i _3 s O_X kp _5b k O n _1 b a _3,t_h 7_X j k o _1 h a j _1 d a N _2 s E _1 ts_ i _3 S O_X kp k O n _1 b a w _3
47,LXT_Nam_6_S0008_54,t M _2 d O _5a ts_ u _5a ts_ a _3 z a m _5a h E_X k _6b S E_X k _5b a j _1 n M7 _4,t M _2 d O _5a ts_ u _5a ts_ a _3 z a m _5a h E_X k _6b s E_X k _5b a j _1 n M7 _4,t M _5a d O _5a ts_ u _5a ts_ a _3 z a m _5a h E_X J _5a S E_X t _5a a j n M7 _6b
48,PTT_7_NU_S0041_94,k O n _1 t a_X m _2 a_X n _1 z 7_X w _1,k O n _1 t a_X m _2 a_X n _1 r 7_X w _1,k O n _1 t a_X N _3 a_X n _1 z 7_X w _1
49,PTL_7_NU_S0008_155,b a_X j _1 k u Nm _2 n a m _1 b a_X k _5b d o Nm _1 t 7_X j _1 t O _3 t M7 N _2,b a_X j _1 k u Nm _2 n a m _1 b a_X k _5b d o Nm _1 t 7_X j _1 t O _3 t i J _2,b a_X j _1 k i _2 N E_X n _1 m a_X t _5b d o N _1 t 7_X j _1 k 7_X w _6a t i J _2
50,PTL_7_NU_S0008_6,k a _5a S 7_X w _5a k O _5a h a m _2 r a_X N _1 S a_X k _5b J O n _6a J M N _1 b e _5a k O n _1 k u Nm _4 r 7_X t _5b x E w _5a,k a k _5b s 7_X w _5a k O _5a h a m _2 r a_X N _1 s a_X k _5b J O n _6a J M N _1 b e _5a k O n _1 k u Nm _4 r 7_X t _5b x E w _5a,k a k _5b S a_X w _5a k O _5a h a m _2 r a_X N _1 S a_X k _5b J O _6a J M N _1 b e _5a k O n _1 k u Nm _5a r 7_X t x E w _5a
51,THA_Nu_6_S00042_44,k ie n _5a b O _2 r a _1 k ie n _5a d o t _5b ts_ 7_X n _1 b a k _5b t_h 7 _6a S a_X n _1,k ie n _5a b 7 _3 r a _1 k ie n _5a d o t _5b ts_ 7_X n _1 b a k _5b t_h 7 _6a S a_X n _1,k ie n _5a 7 _3 dZ a _1 n n n n k ie n _5a d o t _5b ts_ 7_X n _1 b a_X k _5b t_h 7 _3 S 7_X n _1
52,NT_7_NAM_S0009_37,S M _3 z u Nm _6a k 7_X w _1 h O j _3 v i _2 S a w _1 d e _3 h O j _3 d a p _5b v 7 j _5a b a n _6a v e _2 n o j _6a z u Nm _1 k 7_X w _1 ts_ wp ie n _6a,s M _3 z u Nm _6a k 7_X w _1 h O j _3 v i _2 s a w _1 d e _3 h O j _3 d a p _5b v 7 j _5a b a n _6a v e _2 n o j _6a z u Nm _1 k 7_X w _1 ts_ wp ie n _6a,t M z u N _6a k 7_X w _1 h O j _3 v i _2 S a w _6b dl e _6a h O j _3 d a p _5b v 7 j _5a b a n _6a v e _2 n o j _6a z u Nm k 7_X w _1 wp ie n _6a
53,THA_Nu_6_S00042_83,k wp a _1 ts_ 7 _6a ts_ i _6a ts_ i _3 ts_ O _1 b E _5a J M N _4 dZ i _2,k wp a _1 ts_ 7 _6a ts_ i _6a ts_ i _1 ts_ O _1 b E _5a J M N _4 dZ i _2,k wp a _5a ts_ O _6a ts_ i _1 ts_ i _1 ts_ O _1 b E _5a J M N _4 dZ i _2
54,TTD_7_NAM_S0001_85,t 7 _5a S E _4 n O j _5a l a _2 k a m _3 7 n _1 b a k _5b,t 7 _5a S E _4 l O j _5a l a _2 k a m _3 7 n _1 b a k _5b,t 7 _5a S E _4 n O j _5a l a _2 k a m _3 7 n _1 b a k _5b
55,VTA_Nam_6_S0002_24,J E_X J _1 J M _1 k a_X t _5b t_h O _3 f O_X Nm _5a v a w _2 r M N _2,J E_X J _1 J M _1 k a_X t _5b t_h O _3 f O_X Nm _5a v a w _2 z M N _2,J a_X N _1 J M _1 k E_X t _5b t_h a _3 f a_X Nm _5a N a_X w _1 dZ M N _2
56,NTM_Nam_6_S00010_30,k O _5a x M7 w _5a d E_X J _5a d u _1,k O _5a x i w _5a d E_X J _5a d u _1,k O _5a x ie w _5a d E_X J _5a d u _1
57,NDBA_7_NAM_S0010_81,b a _5a t M7 k _5b ts_ u _3 J 7_X n _1 k uo _3 N M7 j _1 t_h 7_X t _6b t o t _5b b u Nm _6a,t a _1 t M7 k _5b ts_ u _3 J 7_X n _1 k uo _3 N M7 j _1 t_h 7_X t _6b t o t _5b b u Nm _6a,t a _1 t M7 k _5b ts_ u _3 J 7_X n _1 k uo _3 N M7 j _1 t_h 7_X n _6b s O t _6b m o Nm _6b
58,NDBA_7_NAM_S0010_199,v i _2 7 _3 r M N _2 v a_X N _5a v E _3,v i _2 7 _3 z M N _2 v a_X N _5a v E _3,v i _2 z u N _2 v a_X N _5a v E _3 _1
59,THA_Nu_6_S00042_69,ts_ i _6a tS a _2 ts_ O _1 b E _5a ts_ i _1 d i _1 J a _2 tS E _3,ts_ i _6a tS a _2 ts_ O _1 b E _5a ts_ i _1 d i _1 J a _2 ts_ i _3,ts_ i _6a tS a _3 ts_ O _1 b E _5a ts_ i _1 d i _1 J a _2 ts_ i _3
60,NMA_7_NU_S0002_23,v M7 N _5a k E_X J _2 v O j _1 b E _3 r a_X k _5b,s M N _2 k E_X J _2 v O j _1 b E _3 r a_X k _5b,s M N _5a t E_X J _2 v o j _1 b E _3 r a_X k _5b
61,HYT_Nu_6_S0005_6,m E _6a a _6a tS e n _1 S 7_X n _1 k O _5a m o t _6b k O n _1 t_h u _5a z M _4 l a_X m _5a,m E _6a a _6a tS e n _1 S 7_X n _1 k O _5a m o t _6b k O n _1 t_h u _5a r u _1 l 7_X m _1,m E _6a a _6a tS e n _1 S 7_X n _1 k O _5a m o t _2 k O n _1 t_h u _5a r u _1 l o Nm _5a
62,TTD_7_NAM_S0001_115,r o j _2 b 7_X j _1 dZ 7 _2 n O j _5a l a j _6a v 7 j _5a b a n _6a k e t _5b k wp a _3 k wp a n _1 S a t _5b,z o j _2 b 7_X j _1 dZ 7 _2 n O j _5a l a j _6a v 7 j _5a b a n _6a k e t _5b k wp a _3 k wp a n _1 s a t _5b,r o j _2 b 7_X j dZ 7 _2 n O j _5a l a j v 7 j _5a b a n _6a k e t _6b k wp a _3 k wp a n _1 S a t _5b
63,GQM_Nam_6_S0006_42,d O _5a l a _2 k E _3 t_h u _2 k uo _3 J a _2 ts_ uo t _6b,d O _5a l a _2 k E _3 t_h u _5a k uo _3 J a _2 ts_ uo t _6b,d O _5a l a _2 k a _3 t_h u _5a k uo _3 J a _2 _6b
64,NDBA_7_NAM_S0010_97,x i _1 t_h 7_X j _5a ts_ a N _2 tS a j _1 b E_X J _3 b a w _1 v a _2 r 7_X t _5b x wp E _3 m E_X J _6a J a _2 m uo _1 r 7_X t _5b v u j _1 m 7 j _2 v i _6a b a _5a t M7 k _5b l e n _1 s E _1 N M7 _6a v 7 j _5a m i J _2,x i _1 t_h 7_X j _5a ts_ a N _2 tS a j _1 tS E _3 b O_X Nm _3 b a w _1 v a _2 z 7_X t _5b x wp E _3 m E_X J _6a J a _2 m uo _1 z 7_X t _5b v u j _1 m 7 j _2 v i _6a b a _5a t M7 k _5b l e n _1 s E _1 N M7 _6a v 7 j _5a m i J _2,x i _1 t_h 7_X j _5a ts_ a N _2 tS a j _1 tS E _3 b a w _3 b a w _1 v a _2 r 7_X t _5b x wp E _3 m E_X J _6a J a _2 m uo _1 r 7_X t _5b v u j _1 m 7 j _2 v i _6a b a _5a t M7 k _5b l e n _1 s E n _1 N M7 _6a v 7 j _5a m i J _2
65,LXT_Nam_6_S0008_64,m o t _6b l u _4 G a _2 tS o Nm _5a l u _4 G a _2 m a j _5a tS o n _5a S E_X k _6b,m o t _6b l u _4 G a _2 tS o Nm _5a l u _4 G a _2 m a j _5a tS o n _5a s E_X k _6b,m o t _6b l u G a n _2 tS o n _5a l u w a _5a m a j _5a o n _5a E_X J _6b
66,CNBA_Nu_6_S0003_21,n a N _2 d E_X J _2 k e _3 v 7 j _5a v uo _1 ts_ a _1 v e _2 ts_ wp ie n _6a n a N _2 d a _4 h M7 _5a v 7 j _5a e k _5b,l a N _2 d E_X J _2 k e _3 v 7 j _5a v uo _1 ts_ a _1 v e _2 ts_ wp ie n _6a l a N _2 d a _4 h M7 _5a v 7 j _5a e k _5b,l a N _2 d E_X J _2 k e _3 v 7 j _5a v uo _1 ts_ a _1 v e _2 ts_ wp ie n _6a l a N _2 d a _4 h M7 _5a v 7 j _5a e k _5b
67,CNBA_Nu_6_S0003_107,S a N _5a S a N _5a m E _6a z 7_X n _4 ts_ u _5a d i _1 k ie m _5a a_X n _1,s a N _5a s a N _5a m E _6a z 7_X n _4 ts_ u _5a d i _1 k ie m _5a a_X n _1,S a N _5a S a N _5a m E _6a z 7_X n _5a ts_ u _5a d i _1 k ie m _5a a_X n _1
68,NTM_Nam_6_S00010_29,k O _5a l M N _1 h u _4 r M7 w _6a,k O _5a l M N _1 h u _4 r i w _6a,k O _5a _5a 7_X Nm _5a v u _1 r i w _6a
69,THA_Nu_6_S00042_211,N O _3 i _5a ts_ i _6a ts_ O _1 v E _1 t i _5a dZ i _2 J E _5a,N O _4 i _5a ts_ i _6a ts_ O _1 v E _1 t i _5a dZ i _2 J E _5a,N O _4_5a i _5a ts_ i _2 ts_ O _1 v e _1 t i _5a dZ i _2 J E _5a
70,PTT_7_NU_S0041_78,b uo j _3 tS M7 _1 l i m _1 z i m _1,b uo j _3 ts_ M7 _1 l i m _1 z i m _1,b uo j _3 tS M7 _1 l i m _1 dZ i m _1
71,PTL_7_NU_S0008_114,S M _3 t 7 _5a m a N _1 s M _5a S 7 _3 m uo N _1 t_h u _5a n E _2,S M _3 t 7 _5a m a N _1 s M _5a s M _3 m uo N _1 t_h u _5a n E _2,S M _3 t 7 _5a m a N _1 s M _5a S M _3 m uo _5b t u _5a n E _2
72,TPA_Nu_6_S0009_53,G a _2 tS o Nm _5a S 7 _6a ts_ a_X j _6a m 7_X t _5b,G a _2 tS o Nm _5a s 7 _6a ts_ a_X j _6a m 7_X t _5b,v a _2 tS o Nm _5a S 7 _6a ts_ a_X j _3 m a_X t _5b
73,LXT_Nam_6_S0008_117,S a w _1 k 7_X w _6a b ie t _5b,s a w _1 k 7_X w _6a b ie t _5b,S a _1 k 7_X w _6a b ie t _5b
74,LXT_Nam_6_S0008_68,t_h a w _3 E_X J _1 7 j _1 b 7_X j _1 dZ 7 _2 t 7 _5a d O_X kp _6b b a j _2 S O j _5a v a _2 z e _1 J E _5a,t_h a w _3 E_X J _1 7 j _1 b 7_X j _1 dZ 7 _2 t 7 _5a d O_X kp _6b b a j _2 s O j _5a v a _2 z 7_X j _1 J E _5a,_2 a _5a 7 j _6a dZ b v _5a
75,ĐNL_Nu_6_S0007_81,b a w _5a k O n _1 b a w _5a k O n _1 r 7_X t _5b t M k _5b,b a w _5a k O n _1 b a w _5a k O n _1 z 7_X t _5b t M k _5b,t a w _5a k O n _1 b a w _5a k O n _1 r 7_X t _5b t M k _5b
76,LXT_Nam_6_S0008_65,h a j _1 G a _2 tS o Nm _5a b E n _2 h E_X k _6b S E_X k _5b b a k _5b ts_ O _5a,h a j _1 G a _2 tS o Nm _5a b E n _2 h E_X k _6b s E_X k _5b b a k _5b ts_ O _5a,h a j _1 G a _2 tS o Nm _5a b E n _2 h E_X J _6a S E_X k _5b t a k _5b ts_ O _5a
77,PC_7_NAM_S0004_64,v i _2 S a w _1 b a n _6a l a j _6a t_h i k _5b ts_ 7 j _1 v 7 j _5a t 7 _5a,v i _2 s a w _1 b a n _6a l a j _6a t_h i k _5b ts_ 7 j _1 v 7 j _5a t 7 _5a,v i _2 S a w _1 b a n a j t_h i k _5b 7 j _2 7 _5a t 7 _5a
78,CNBA_Nu_6_S0003_148,n O _5a a p _5b S a t _5b m E _6a k a m _3 dZ a k _5b l 7_X N _1 l 7_X N _1 x O _5a t a _3,l O _5a a p _5b s a t _5b m E _6a k a m _3 dZ a k _5b l 7_X N _1 l 7_X N _1 x O _5a t a _3,l a _2 a p _5b S a t _5b m i _6a k a m _3 dZ a k _5b l a_X N l 7_X N _5a x O _5a t a _3
79,PTT_7_NU_S0041_129,l a _2 b O _2 N i _3 J a j _1 r o j _2 l a _2,l a _2 b a _2 N i _3 J a j _1 r o j _2 l a _2,l a _2 b O _2 N i _2 a _2
80,TPA_Nu_6_S0009_66,d M7 k _6b m E _6a ie w _1 t_h M7 N _1 ts_ a_X m _1 S O_X kp _5b k a _3 b a _1 k o _1 G a j _5a l 7 n _5a J E_X J _1 J M _1 t_h o j _3,d M7 k _6b m E _6a ie w _1 t_h M7 N _1 ts_ a_X m _1 s O_X kp _5b k a _3 b a _1 k o _1 G a j _5a l 7 n _5a J E_X J _1 J M _1 r o j _3,d o N _5a e _6a ie w _1 t_h M7 N _1 a_X m _1 S O_X kp _5b k a _3 a _1 k o _1 G a j _5a l 7 n _5a E_X J _1 M _1 o j _3
81,HYT_Nu_6_S0005_17,n O _5a N o j _2 t_h u _1 l u _1 tS e n _1 S 7_X n _1,n O _5a n o j _2 t_h u _1 l u _1 tS e n _1 s 7_X n _1,n O _5a l u Nm _2 t_h u _1 r u _1 tS e n _1 s E_X J _1
82,TPA_Nu_6_S0009_12,k M _5a t_h e _5a ts_ u _5a S a j _1 x ie n _5a z a_X j _6a z o _4 t 7_X t _5b k a _3,k M _5a t_h e _5a ts_ u _5a s a j _1 x ie n _5a z a_X j _6a dZ o _4 t 7_X t _5b k a _3,k M _5a t_h e _5a t_h M _5a S a_X N _1 M N _5a z a_X j _1 ts_ uo _5a t 7_X t _5b k a _3
83,CPT_Nu_6_S0004_15,ts_ uo t _6b u t _5b h 7 n _5a h 7 _3 k e _3 t ie p _5b,ts_ uo t _6b u t _5b h 7 n _5a h 7 _3 k e _5a t ie p _5b,ts_ uo t _5b k u t _5b h 7 n _5a ht_h 7 _3 k e _5a t ie p _5b
84,NHM_7_NU_S0006_127,S a N _5a S 7 m _5a h o m _1 S a_X w _1 v 7 _6a ts_ o Nm _2 l a N _1 l ie w _1 S u Nm _1 S M7 N _5a J i n _2 h a j _1 ts_ ie k _5b b E_X J _5a m 7_X m _1 l 7 n _5a s e p _5b d 7_X j _2 h a j _1 t_h M _5a k wp i _5a k e t _5b k wp a _3 k o Nm _1 S M k _5b S a N _5a t a w _6a k uo _3 m i J _2,s a N _5a s 7 m _5a h o m _1 s a_X w _1 v 7 _6a ts_ o Nm _2 l a N _1 l ie w _1 s u Nm _1 s M7 N _5a J i n _2 h a j _1 ts_ ie k _5b b E_X J _5a m 7_X m _1 l 7 n _5a s e p _5b d 7_X j _2 h a j _1 t_h M _5a k wp i _5a k e t _5b k wp a _3 k o Nm _1 s M k _5b s a N _5a t a w _6a k uo _3 m i J _2,f 7_X n _5a S 7 m _5a h o m _1 s a_X w _1 v 7 _5a o Nm _2 a w _1h wp e w _1 s u N _1 s 7 N _5a J i n _2 h a j _1 ts_ ie k _5b b E_X J _5a m 7_X m _1 l 7 n _5a s e p _5b d 7_X j _2 h a j _1 t_h M _5a k wp i _5a k e t _5b k wp a _3 k o Nm _1 S M k _5b S a N _5a t a w _6a k uo _3 m i J _2
85,NMA_7_NU_S0002_76,S M _1 t M _3 s wp 7_X t _5b k wp 7_X n _1,s M _1 t M _3 s wp 7_X t _5b k wp 7_X n _1,S M _1 t ie _3 s wp 7_X t _5b k wp E_X J _1
86,NNM_Nu_6_S00045_66,d a_X t _6b z M7 j _5a o Nm _5a x O j _5a m o t _6b t_h u Nm _2 n M7 k _5b S o j _1,d a_X t _6b z M7 j _5a o Nm _5a x O _5a m o t _6b t_h u Nm _2 n M7 k _5b S o j _1,_5a a i r 7 k o ts_ M N _2 _3
87,GQM_Nam_6_S0006_32,k O n _1 t a_X w _2 d o _2 b a n _6a ts_ uo t _6b u t _5b h 7 n _1 h 7 n _5a h 7 _3 k e _3 t ie p _5b v 7 j _5a m E _6a v e _2 k O n _1 dZ i _2,k O n _1 t a_X w _2 d o _2 b a n _6a ts_ uo t _6b u t _5b h 7 n _1 h 7 _6a k e _3 t ie p _5b v 7 j _5a m E _6a v e _2 k O n _1 dZ i _2,_1 t 7 _2 d o _2 b a n _6a ts_ uo t _6b u t _5b h 7 n _1 h 7 n _6a k e _3 t ie p _5b v 7 j _5a m E _6a v e _2 k O n _1 dZ i _2
88,PTT_7_NU_S0041_145,b e _1 v i _2 tS M7 _1 h E _2 r 7_X t _5b ie n _1 t i J _4,b e _1 v i _2 ts_ M7 _1 h E _2 r 7_X t _5b ie n _1 t i J _4,b a _1 v i _2 ts_ ie _1 h E _2 7_X t _5b ie n _1 t i J _4
89,TTD_7_NAM_S0001_14,m a_X t _5b d E n _1 S a N _5a N 7 j _2,m a_X t _5b d E n _1 s a N _5a N 7 j _2,m a_X t _6b d E n _1 S a N _5a N 7 j _2
90,LXT_Nam_6_S0008_48,m o t _6b h o m _1 l u _4 G a _2 m a j _5a tS o n _5a S E_X k _6b,m o t _6b h o m _1 l u _4 G a _2 m a j _5a tS o n _5a s E_X k _6b,m 7 _5a h o m _1 l u m _1 a _5a m a_X _5a ts_ 7 _5a S E_X J _6b
91,THA_Nu_6_S00042_217,N O _5a ts_ i _6a G a _2 d a p _6b d a p _6b r u _4 r u _4 l uo _5a,N O _5a ts_ i _6a G a _2 d a p _6b d a p _6b z u _4 z u _4 l uo _5a,N O _5a ts_ i w _6a G a _2 d a _6b d a k _6b h M7 N _5a t u _5a l uo _5a
92,CPT_Nu_6_S0004_132,S a_X w _1 d O _5a n O _5a G a_X p _6b J M N _4 k O n _1 dZ i _2,s a_X w _1 d O _5a n O _5a G a_X p _6b J M N _4 k O n _1 dZ i _2,S a_X w _1 d O _5a n O Nm _5a G a_X p _6b J M N _4 k O n _1 dZ i _2
93,NHM_7_NU_S0006_103,N M7 j _2 t_h i _2 l e n _1 d o kp _5b t_h u kp _5b b o _6a h a _6a S a_X n _1 t_h u _5a l a _6a b a_X t _5b ts_ i m _1 k wp i _5a,N M7 j _2 t_h i _2 l e n _1 d o kp _5b t_h u kp _5b b o _6a h a _6a s a_X n _1 t_h u _5a l a _6a b a_X t _5b ts_ i m _1 k wp i _2,G a j _5a i _2 l e n _1 t O kp _5b t_h M _5b b o _6a h a _4 s 7_X n _1 o w _5a a j _6a b a_X t _5b ts_ i w _1 k wp i _5a
94,CTT_Nam_6_S00044_17,m E _6a d a _4 a n _1 u j _3 b E _5a l e _1 J M _1 t_h e _5a n a w _2,m E _6a d a _4 a_X n _1 u j _3 b E _5a l e _1 J M _1 t_h e _5a n a w _2,m E _6a d a _6a a_X n u j _3 b E _5a b e j _1 J M _1 t_h e _5a n a w _2
95,ĐNK_7_NU_S0048_8,r a_X w _1 s u m _1 s wp e _1 n M7 N _1 b a j _4,r a_X w _1 s u m _1 s wp e _1 l M7 N _1 b a j _4,r a_X _1 s u m _1 s wp e _1 n M7 N _1 b a j _4
96,THA_Nu_6_S00042_19,t ie N _5a S o _3 t ie N _5a s i _1 t ie N _5a S E _3,t ie N _5a S o _3 t ie N _5a s i _1 t ie N _5a z E _3,t ie N _5a S M N _5a u t ie N _5a s i _1 t ie N _5a dZ E _3
97,TPA_Nu_6_S0009_4,S a N _5a S a N _5a G a _2 tS o Nm _5a G a_X j _5a v a N _1,s a N _5a s a N _5a G a _2 tS o Nm _5a G a_X j _5a v a N _1,S a N _5a S a N _5a l a _5a tS o Nm _5a G a_X j _5a v a N _1
98,PTL_7_NU_S0008_87,k a j _5a k o _3 t_h u t _6b N a_X n _5a t_h u t _6b z a _1 t_h u t _6b z a j _2 v a w _2 r a _1,k a j _5a k o _3 t_h u t _6b N a_X n _5a t_h u t _6b z a _1 t_h u t _6b z a _1 v a w _2 r a _1,k a j _5a k o _3 t_h u t _6b N a_X n _5a t_h u t _6b z a _1 t_h u t _6b z a _1 v a w _2 r a _3
99,GQM_Nam_6_S0006_25,n O _5a n O _5a k wp a _5a t O _1 l a m _2 ts_ uo t _6b k O n _1 S 7 _6a l a m _2 tS E _3 k O n _1 r 7_X t _5b S 7 _6a,n O _5a n O _5a k wp a _5a t O _1 l a m _2 ts_ uo t _6b k O n _1 s 7 _6a l a m _2 tS E _3 k O n _1 r 7_X t _5b s 7 _6a,n O _5a n O _5a k wp a _5a t O _1 l a m _2 ts_ uo t _6b k O n _1 S 7 _3 l a _2 ts_ O _5a k O n _1 r 7_X t _5b S 7 _6a
100,NTN_7_NU_S0042_39,t ie N _5a tS o Nm _5a b a_X t _5b d 7_X w _2 m o t _6b n a_X m _1 h O_X kp _6b m 7 j _5a,t ie N _5a ts_ o Nm _5a b a_X t _5b d 7_X w _2 m o t _6b n a_X m _1 h O_X kp _6b m 7 j _5a,t ie N _5a tS o Nm _5a b a_X t _5b d 7_X w _2 m o t _6b n a_X m h O kp _5a m 7 j _5a
101,TPA_Nu_6_S0009_86,t_h 7_X j _5a k o _1 h a j _1 d a N _1 s E _1 ts_ i _3 S O_X kp _5b k O n _1 b a w _3,t_h 7_X j _5a k o _1 h a j _1 d a N _1 s E _1 ts_ i _3 s O_X kp _5b k O n _1 b a w _3,t_h 7_X j _5a k o _1 h a j _1 d a N _1 s E _1 ts_ i _3 s O_X kp _5b k O n _1 b a _3
102,PTT_7_NU_S0041_11,k o _1 n a N _2 h a _6a t i J _1 N i k _6b s E n _1 v a w _2,k o _1 n a N _2 h a _6a t i J _1 N i k _6b S E n _1 v a w _2,k o _1 n a N _2 h a _6a t i J _1 N i k _6b s E n _1 v a w _2
103,NHM_7_NU_S0006_4,v e _2 S a_X w _1 J ie w _2 N M7 j _2 v e _2 d o Nm _2 b a_X N _2 v a _2 v E n _1 b ie n _3 S i J _1 S o Nm _5a,v e _2 s a_X w _1 J ie w _2 N M7 j _2 v e _2 d o Nm _2 b a_X N _2 v a _2 v E n _1 b ie n _3 s i J _1 s o Nm _5a,v e _2 S a_X w _6a J ie w _2 N M7 j _2 v e _2 d o N _2 b a N _2 N a_X N v M7 _6a s i J _1 S o Nm _5a
104,LXT_Nam_6_S0008_75,z e _1 k O n _1 b E n _2 l 7_X j _5a h e t _5b S M k _5b h E t _5b b E _1 b E _1,z e _1 k O n _1 b E n _2 l 7_X j _5a h e t _5b s M k _5b h E t _5b b E _1 b E _1,z e w _5a k O n _1 b E n _2 l 7_X j _5a h e t _5b S M k _5b h a t _5b b E b E _1
105,NMA_7_NU_S0002_151,h o m _1 n a w _2 m E _6a G a_X t _6b,h o m _1 n a w _2 m E _6a G 7_X t _6b,h o m _1 n a w _2 m E n _2 G 7_X t _6b
106,CNBA_Nu_6_S0003_55,v M7 n _6a ts_ M7 _1 z a m _5a r a _1 s a _1,v M7 n _6a ts_ M7 _1 z a m _5a z a _1 s a _1,v M7 _6b ts_ M7 _1 dZ a m _3 r a _1 S a _1
107,CPT_Nu_6_S0004_59,t_h O _3 S 7 _6a M7 t _5b 7 _3 tS e n _1 b 7 _2 k o _3 v u _4,t_h O _3 s 7 _6a M7 t _5b 7 _3 tS e n _1 b 7 _2 k o _3 v u _4,t_h 7 _3 s 7 _6a u t _5b 7 _6a tS 7_X n _1 b 7 _2 k o _3 v u _6b
108,CNBA_Nu_6_S0003_171,m o t _6b k a _5a m 7_X p _6b a p _5b S a t _5b k a _5a m a_X N _1,m o t _6b k a _5a m 7_X p _6b a p _5b s a t _5b k a _5a m a_X N _1,m o t _6b k a _5a m 7_X p _6b a p _5b S a t _5b k a _5a m a_X N _1
109,CNBA_Nu_6_S0003_15,N i _4 d i _1 N i _4 l a j _6a n a N _2 d E_X J _2 h M7 _5a v 7 j _5a e k _5b,N i _4 d i _1 N i _4 l a j _6a l a N _2 d E_X J _2 h M7 _5a v 7 j _5a e k _5b,N i _4 d i _1 N i _4 l a j _6a l a N _2 d 7_X j _2 h M7 _4 v 7 j _5a e k _5b
110,MK_7_NU_S0007_82,tS a_X N _1 S O j _1 f 7_X j _3 v a N _2 z e t _6b,tS a_X N _1 s O j _1 f 7_X j _3 v a N _2 z e t _6b,tS a_X N _1 s o j _1 s 7 j _6a v a N _2 r e n _6b
111,ĐNK_7_NU_S0048_161,o _2 tS E _1 r 7_X t _5b m a t _5b,o _2 ts_ E _1 r 7_X t _5b m a t _5b,o _2 tS E E_X J _1 r 7_X t _5b m a t _5b
112,CPT_Nu_6_S0004_17,n O _5a n a_X m _2 t_h u _1 l u _1 tS e n _1 S 7_X n _1,n O _5a n a_X m _2 t_h u _1 l u _1 tS e n _1 s 7_X n _1,n O _5a l a m _2 t_h u _1 l u _1 tS e n _1 S 7_X n _1
113,TTT_Nu_6_S00049_27,k O _5a m a _5a b E _5a l e _1 ts_ a _3 S 7 _6a n M7 _4,k O _5a m a _5a b E _5a l e _1 ts_ a _3 S 7 _6a l M7 _4,k o _5a m a _2 b E _3 l e _1 ts_ a _2 S 7 _3 l M7 _4
114,CNBA_Nu_6_S0003_142,k a _5a m 7_X p _6b a p _5b S a t _5b k a _5a m a_X N _1,k a _5a m 7_X p _6b a p _5b s a t _5b k a _5a m a_X N _1,k a m _5a m 7_X t _6b a p _5b S a k _5b k a m _3 m a_X N _1
115,PC_7_NAM_S0004_56,t 7 _5a d a _4 x o Nm _1 S a_X n _1 b a_X n _5a ts_ u Nm _5a,t 7 _5a d a _4 x o Nm _1 s a_X n _1 b a_X n _5a ts_ u Nm _5a,t 7 _5a d a _5a x o Nm _1 S a_X n b a n _5a ts_ u j _5a
116,CNBA_Nu_6_S0003_125,S a N _5a S a N _5a m E _6a z 7_X n _4 ts_ u _5a d i _1 k ie m _5a a_X n _1 m o t _6b h o m _1 m M7 _1 t O _1 dZ O _5a l 7 n _5a k a _5a m a_X N _1 l a k _6b m E _6a,s a N _5a s a N _5a m E _6a z 7_X n _4 ts_ u _5a d i _1 k ie m _5a a_X n _1 m o t _6b h o m _1 m M7 _1 t O _1 dZ O _5a l 7 n _5a k a _5a m a_X N _1 l a k _6b m E _6a,S a N _5a S a N _5a m E _6a z 7_X n ts_ u Nm _5a d i _1 k ie m _5a a_X n _1 m o t _5a h o m _1 m M7 _1 t O _2 v a 7 N _5a k a _5a m a_X N _1 l 7_X t _6b m E _6a
117,THA_Nu_6_S00042_10,J a _2 S E _3 k O _5a J M N _4 a j _1,J a _2 S E _4 k O _5a J M N _4 a j _1,J a _2 S E _3 k O _5a J M N a j _1
118,HYT_Nu_6_S0005_4,ts_ uo t _6b u t _5b b uo n _2 l u j _4 k u j _4 d i _1 r a _1 S 7_X n _1,ts_ uo t _6b u t _5b b uo n _2 l u j _2 k u j _3 d i _1 r a _1 S 7_X n _1,ts_ uo t _6b u t _5b b uo n _2 l u j _2 k u j _2 d i _1 r a _1 S 7_X n _1
119,PC_7_NAM_S0004_92,k wp e _1 t 7 _5a k O _5a d e n _2 h u Nm _2 r 7_X t _5b t O _1 v a _2 k O _5a m o t _6b k O n _1 S o Nm _1 r 7_X t _5b t O _1 S a_X w _1 J a _2 b a _2 N wp a j _6a t 7 _5a,k wp e _1 t 7 _5a k O _5a d e n _2 h u Nm _2 z 7_X t _5b t O _1 v a _2 k O _5a m o t _6b k O n _1 s o Nm _1 r 7_X t _5b t O _1 s a_X w _1 J a _2 b a _2 N wp a j _6a t 7 _5a,k 7_X w l e _1 t t 7 w _5a k O _5a d e n _2 t_h u Nm _2 r 7_X t _5b t O _1 v a _2 k O _5a m o t _6b k O n _1 o Nm _2 r 7_X t _5b t O t _6b S o N _2 a n _2 b a n _2 G wp a j _2 t 7 _5a
120,HYT_Nu_6_S0005_57,t_h 7 _3 S 7 _6a M7 t _5b 7 _3 tS e n _1 b 7 _2 k o _3 v u _4,t_h 7 _3 s 7 _6a M7 t _5b 7 _3 tS e n _1 b 7 _2 k o _3 v u _4,t_h 7 _3 s e _1 M7 t _5b 7 _3 tS e n _1 v a w _2 k o _3 f u _4
121,ĐNK_7_NU_S0048_85,b a_X j _1 d e n _5a d 7_X w _6a 7 _3 J M N _4 b u j _6a k 7_X j _1 k wp E_X J _1 h o _2,b a_X j _1 d e n _5a d o Nm _6a 7 _3 J M N _4 b u j _6a k 7_X j _1 k wp E_X J _1 h o _2,b a_X j _1 d e n _2 d o Nm _6a 7 _3 J M N _4 b u j _6a k 7_X j _1 k wp E_X J _1 h o _2
122,PC_7_NAM_S0004_37,v i _2 S a w _1 b a n _6a l a j _6a t_h i k _5b l wp a j _2 ts_ i m _1 d O _5a,v i _2 s a w _1 b a n _6a l a j _6a t_h i k _5b l wp a j _2 ts_ i m _1 d O _5a,v i _2 S a w _1 m a _2 l a j _6a i k _6b l wp a j _2 i m _1 d O _5a
123,TTD_7_NAM_S0001_159,h a j _1 l a _2 k a j _5a S M N _2 n O _5a v e J _1 v e J _1,h a j _1 l a _2 k a j _5a s M N _2 n O _5a v e J _1 v e J _1,h a j _1 l 7_X _2 k a j _5a S M N _2 n o v i J _1 v wp i J _3
124,NT_7_NAM_S0009_38,v i _2 S a w _1 t_h 7_X n _2 dZ O _5a f a j _3 ts_ i w _6a t_h uo _1 o Nm _1 m E_X J _6a,v i _2 s a w _1 t_h 7_X n _2 dZ O _5a f a j _3 ts_ i w _6a t_h uo _1 o Nm _1 m E_X J _6a,v i _2 S a w _1 t_h 7_X w _2 n O _5a a j _3 ts_ i w _6a t_h uo _1 o Nm _1 m E_X J _6a
125,NT_7_NAM_S0009_21,h wp E_X J _2 h E_X J _2 l a m _2 J ie w _2 d ie w _2 N a N _1 N M7 k _6b tS e n _1 x a_X p _5b m o t _6b v u Nm _2 x o Nm _1 k ie N _1 n e _3 a j _1,h wp a N _2 h E_X J _2 l a m _2 J ie w _2 d ie w _2 N a N _1 N M7 k _6b tS e n _1 x a_X p _5b m o t _6b v u Nm _2 x o Nm _1 k ie N _1 n e _3 a j _1,h wp a N _2 h E_X J _2 l a m _2 J ie w _2 d ie w _2 N a N _1 N M7 k _6b tS e n _1 G a k _5b m o t _6b v u Nm _2 r o Nm _6a x o k ie N _1 n e j _3 a j _1
126,NT_7_NAM_S0009_3,d 7_X j _1 l a _2 n 7 j _1 t_h 7_X n _2 dZ O _5a dZ O _5a h wp E_X J _2 h E_X J _2,d 7_X j _1 l a _2 l 7 j _1 t_h 7_X n _2 dZ O _5a dZ O _5a h wp a n _2 h E_X J _2,d 7_X j l a _2 l 7 j t 7_X n _2 dZ O p _6b dZ O _5a h wp a N _2 h E_X J _2
127,NDBA_7_NAM_S0010_9,t 7 _5a f a t _5b h ie n _6a r a _1 m i J _2 k O _5a ts_ ie k _5b m u j _4,t 7 _5a f a t _5b h ie n _6a z a _1 m i J _2 k O _5a ts_ ie k _5b m u j _4,t 7 _5a f a t h ie n _6a r a _1 m i J _2 k O _5a ts_ ie k _5b m u j _4
128,PC_7_NAM_S0004_97,v i _2 S a w _1 b a n _6a l a j _6a t_h i k _5b v e _2 k wp e _1,v i _2 s a w _1 b a n _6a l a j _6a t_h i k _5b v e _2 k wp e _1,v i _2 S a w _1 b a n _6a l a j _6a t_h i k _2 v e _2 k wp e _1
129,PTL_7_NU_S0008_75,k a _5a S 7_X w _5a m E _6a t_h a _1 t M N _2 d M7 _5a k O n _1 tS O_X Nm _1 m ie N _6a d e n _5a n 7 j _1 n O _5a m uo n _5a m a _2 x o Nm _1 l a m _2 d a_X w _1 k O n _1,k a _5a s 7_X w _5a m E _6a t_h a _1 t M N _2 d M7 _5a k O n _1 tS O_X Nm _1 m ie N _6a d e n _5a l 7 j _1 l O _5a m uo n _5a m a _2 x o Nm _1 l a m _2 d a_X w _1 k O n _1,k a _5a S 7_X w _5a m E _6a t_h a _2 t M N _2 d M7 _3 k O n _5a tS O_X m _1 m ie N _6a d e n _5a n 7 j _1 n O _5a m o n _5a m a _3 x o Nm _1 m a m _2 d a_X w _1 k O n _1
130,CPT_Nu_6_S0004_105,S a N _5a S a N _5a m E _6a z 7_X n _4 ts_ u _5a d i _1 k ie m _5a k ie m _5a a_X n _1,s a N _5a s a N _5a m E _6a z 7_X n _4 ts_ u _5a d i _1 k ie m _5a k ie m _5a a_X n _1,S a N _5a S a N _5a m E _6a z 7_X n _5a ts_ u _5a d i _1 k ie n _5a k ie m a_X n _1
131,NHM_7_NU_S0006_175,J a _2 v uo _1 J 7_X n _6a k wp a _2 r o j _2 k a m _3 7 n _1 ts_ u _3 J 7_X n _1 k uo _3 m E w _2 r 7_X t _5b ts_ 7_X n _1 t_h E_X J _2,J a _2 v uo _1 J 7_X n _6a k wp a _2 z o j _2 k a m _3 7 n _1 ts_ u _3 J 7_X n _1 k uo _3 m E w _2 z 7_X t _5b ts_ 7_X n _1 t_h E_X J _2,v a n_2 u 7_X n k wp a k a N _3 O N _3 M N _3 i n _1 o N _3 J O Nm _3 N 7_X t _5b ts_ 7_X n _1 t_h E_X J _2
132,NMA_7_NU_S0002_181,v M7 n _2 S a_X w _1 G a _2 b 7 j _5a dZ u n _1 l e n _1,v M7 n _2 s a_X w _1 G a _2 m 7 j _5a dZ u n _1 l e n _1,v M7 n _5a S a_X w _1 G a _2 m 7 j _5a r u t _1 l e n _1
133,TTMK_7_NU_S0044_281,m o j _4 l M7 _5a h a j _1 tS M N _5a,m o j _4 l M7 _5a h a j _1 ts_ M N _5a,m o j _4 l M7 _5a h a j _1 tS M N _5a
134,NDBA_7_NAM_S0010_80,J a _2 v uo _1 m u Nm _2 r 7 _4 n O j _5a,J a _2 v uo _1 m u Nm _2 z 7 _4 n O j _5a,J a _2 v uo _1 m M N _2 dZ M _4 n O j _5a
135,NTM_Nam_6_S00010_10,k O _5a l M N _1 h u _4 r M7 w _6a,k O _5a l M N _1 h u _4 r ie w _6a,k O _5a l M N _1 v u _5a r M7 w _6a
136,CNBA_Nu_6_S0003_128,k a _5a m a_X N _1 k a m _3 t_h 7_X j _5a t_h e _5a n a w _2,k a _5a m a_X N _1 k a m _3 t_h 7_X j _5a t_h e _5a l a w _2,k a _5a m a _5a k a m _3 t_h 7_X j _5a t_h e _5a l a _2
137,PTL_7_NU_S0008_89,k a j _5a v O j _2 n O _5a k uo n _5a d o _3 J a _2 d o _3 k 7_X j _1,k a j _5a v O_X Nm _2 n O _5a k uo n _5a d o _3 J a _2 d o _3 k 7_X j _1,k a j _5a v O_X N _2 n O _5a k uo n _5a d o _3 J a _2 d o _3 k 7_X j _1
138,THA_Nu_6_S00042_186,z e _1 m E _6a v e _2 J a _2 x E n _1 k a k _5b k O n _1 t_h e _5a n a w _2,r e _1 m E _6a v e _2 J a _2 x E n _1 k a k _5b k O n _1 t_h e _5a n a w _2,v e n _1 n v e _2 J a _2 x ie n _1 k a k _5b k O n _1 t_h e _5a n a w _2
139,NMA_7_NU_S0002_61,h wp a _1 m a j _1 ts_ i _3 S a_X j _1,h wp a _1 m a j _1 ts_ i _3 s a_X j _1,h wp a _1 m a j _1 ts_ i _3 S a_X j _1
140,NT_7_NAM_S0009_13,x o Nm _1 S a N _5a m a j _1 t a _1 S E _4 m 7 j _2 o Nm _1 v a w _2,x o Nm _1 s a N _5a m a j _1 t a _1 S E _4 m 7 j _2 o Nm _1 v a w _2,x o Nm _1 S a N _5a m a j _1 t a _1 S E _4 m 7 j _2 o Nm _1 v a w _2
141,PC_7_NAM_S0004_111,m E _6a t 7 _5a tS o Nm _2 r 7_X t _5b J ie w _2 h wp a _1 h o Nm _2,m E _6a t 7 _5a tS o Nm _2 z 7_X t _5b J ie w _2 h wp a _1 h o Nm _2,m E _6a t 7 _5a tS o Nm _2 r 7_X t _6b J ie w _5a h wp a _1 h o Nm _2
142,CNBA_Nu_6_S0003_56,t_h O _3 S 7 _6a M7 t _5b 7 _3 tS e n _1 b 7 _2 k o _3 v u _4,t_h O _3 s 7 _6a M7 t _5b 7 _3 tS e n _1 b 7 _2 k o _3 v u _4,t_h O _2 s 7 _1 M7 t _5b 7 _3 tS e n _1 b 7 _2 k o v u _4
143,NDBA_7_NAM_S0010_73,d i _1 h ie _1 v a w _2 m E w _2 t_h a _3 b o _6a t_h O_X Nm _1 z O_X Nm _1 d 7_X j _2 h E_X J _4 z ie n _6a,d i _1 h ie _1 v a w _2 m E w _2 t_h a _3 b o _6a t_h O_X Nm _1 z O_X Nm _1 d 7_X j _2 h E_X J _4 z ie t _6b,b ie _1 h ie _1 v a w _2 m E w _2 t_h a _3 b o _2 t_h O_X Nm _1 z O_X Nm _1 d 7_X j _2 h E_X J _1 z ie t _2
144,CNBA_Nu_6_S0003_17,m o t _6b l u kp _5b S a_X w _1 n O _5a m a N _1 k wp a _3 b O_X Nm _5a l e n _1,m o t _6b l u kp _5b s a_X w _1 l O _5a m a N _1 k wp a _3 b O_X Nm _5a l e n _1,m o t _6b l u kp _5b S a_X w l O m a N _1 k wp a _3 b O_X Nm _5a l e n _1
145,THA_Nu_6_S00042_87,ts_ i _6a tS a _2 z o _4 b E _5a J M _1 t_h e _5a n a w _2,ts_ i _6a tS a _2 r o _4 b E _5a J M _1 t_h e _5a n a w _2,ts_ i _6a tS a _2 r o _4 b E _5a J M _1 t_h e _5a n a w _2
146,THA_Nu_6_S00042_96,d u Nm _5a r o j _2 k 7_X w _6a dZ O j _3 k wp a _5a,d u Nm _5a r o j _2 k 7_X w _6a r O j _3 k wp a _5a,d u Nm _5a r o j _2 k 7_X w _6a r O j _5a k wp a _5a
147,PTL_7_NU_S0008_136,k O n _1 dZ i _2 k O _5a b M7 w _5a tS e n _1 l M N _1,k O n _1 dZ i _2 k O _5a b ie w _5a tS e n _1 l M N _1,k O n _1 dZ i _2 k O _5a m ie w _5a tS e n _1 l M N _1
148,PTL_7_NU_S0008_96,t 7 _5a m a N _1 t 7 _5a m a N _1 m o t _6b k O n _1 S O j _5a,t 7 _5a m a N _1 t 7 _5a m a N _1 m o t _6b k O n _1 s O j _5a,t 7 _5a m a N _1 t 7 _5a m a N _1 m o t _6b k O n _1 S O j _5a
149,PTL_7_NU_S0008_104,t 7 _5a t_h 7_X j _5a m o t _6b k O n _1 r a_X n _5a,t 7 _5a t_h 7_X j _5a m o t _6b k O n _1 z a_X n _5a,t 7 _5a e _5a o t k O n _1 a n _5a
150,LXT_Nam_6_S0008_125,h a t _6b n a_X N _5a G a_X p _6b b o Nm _1 h o Nm _2 b i _6a G a_X j _4 k E_X J _2 d a N _1 S u t _6b S u j _2 x O_X kp _5b,h a t _6b n a_X N _5a G a_X p _6b b o Nm _1 h o Nm _2 b i _6a G a_X j _4 k E_X J _2 d a N _1 s u t _6b s u j _2 x O_X kp _5b,h a t _6b n a_X N v a _3 m 7 _1 h o Nm _3 b i _6a G a_X j _5a k a N _2 d a N _1 S u t _6b S u j _2 x O_X kp _5b
151,TPA_Nu_6_S0009_133,N E _1 ts_ i _6a k a _3 n O j _5a s O_X Nm _1 S O_X kp _5b k O n _1 dZ 7_X n _6a z M _4 m a_X N _5a ts_ i _6a k a _3,N E _1 ts_ i _6a k a _3 n O j _5a s O_X Nm _1 s O_X kp _5b k O n _1 k 7_X n _6a z M _4 m a_X N _5a ts_ i _6a k a _3,N E j _1 ts_ i _3 k a _3 n O j _5a s O_X Nm _1 s O_X kp _5b k O n _1 t 7_X n _6a dZ M _5a m a_X N _5a ts_ i _6a k a _3
152,TTD_7_NAM_S0001_96,x o Nm _1 k 7_X w _6a n O j _5a t_h e _5a t_h i _2 S a j _1 r o j _2,x o Nm _1 k 7_X w _6a n O j _5a t_h e _5a t_h i _2 s a j _1 r o j _2,x o Nm _1 k 7_X w _6a n O j _5a t_h e _5a i _2 S a j _2 r o j _2
153,NMA_7_NU_S0002_277,ts_ ie n _5a k 7_X n _1 n a_X j _2 d e _3 dZ u p _5b f a t _5b h ie n _6a J M N _4 S a n _3 f 7_X m _3 x o Nm _1 a n _1 t wp a n _2 ts_ O _1 S M k _5b x wp E _3 k O n _1 N M7 j _2,ts_ ie n _5a k 7_X n _1 l a_X j _2 d e _3 dZ u p _5b f a t _5b h ie n _6a J M N _4 s a n _3 f 7_X m _3 x o Nm _1 a n _1 t wp a n _2 ts_ O _1 s M k _5b x wp E _3 k O n _1 N M7 j _2,ts_ ie n _5a k 7_X n _6a l a_X j _2 d e _3 dZ u p _5b v a t _5b h ie n _6a J M N _4 S a n _5b f 7_X n _3 x o Nm _1 a n _1 t wp a n _2 ts_ O_X N _1 S M k _5b x wp E _3 k O n _1 M7 j _2
154,CPT_Nu_6_S0004_148,k a _5a m 7_X p _6b a p _5b S a t _5b k a _5a m a_X N _1,k a _5a m 7_X p _6b a p _5b s a t _5b k a _5a m a_X N _1,k a _3 m 7_X p _6b a p _5b S a p _5b k a _3 m a_X N _1
155,THA_Nu_6_S00042_115,b a n _6a d a _4 b a w _1 dZ 7 _2 d M7 k _6b s E m _1 k M _3 t a _6a ts_ M7 _1,b a n _6a d a _4 b a w _1 r 7 _2 d M7 k _6b s E m _1 k M _3 t a _6a ts_ M7 _1,b a n _6a d a _4 b a w _1 dZ 7 _2 d M7 k _6b s E m _1 k M _3 t a _6a ts_ M7 _1
156,LXT_Nam_6_S0008_50,J i n _2 b a k _5b ts_ O _5a d a N _1 N e k _5b m O m _4 n a_X m _2 z a j _2 tS e n _1 S 7_X n _1 t a_X m _5a n a_X N _5a ts_ u _5a b E n _2 l a j _6a G 7_X n _2 l a_X j _1 l a_X j _1,J i n _2 b a k _5b ts_ O _5a d a N _1 N e J _4 m O m _4 n a_X m _2 z a j _2 tS e n _1 s 7_X n _1 t a_X m _5a n a_X N _5a ts_ u _5a b E n _2 l a j _6a G 7_X n _2 l a_X j _1 l a_X j _1,J i n _2 b a k _5b tS O _5a d a N _1 N 7_X n _4 m O_X Nm _4 l a N _2 dZ a_X j _3 tS e n _1 s 7_X n _1 d a n _2 a_X N _5a ts_ u v e _3 l E_X J _6a G 7_X n _3 l E_X j _1 e J _1
157,NHM_7_NU_S0006_17,m 7_X j _5a t_h a N _5a S a_X w _1 t_h 7_X n _2 dZ O _5a d e n _5a J a _2 o Nm _1 m E_X J _6a t O _3 v E _3 a_X n _1 n a_X n _1,m 7_X j _5a t_h a N _5a s a_X w _1 t_h 7_X n _2 dZ O _5a d e n _5a J a _2 o Nm _1 m E_X J _6a t O _3 v E _3 a_X n _1 l a_X n _1,m 7_X j _5at_h a N _5a S a_X w _5a t_h 7_X n _5a dZ O _5a d e n _5aJ a _2 o Nm _1 m e J _2t O _5a e _5a a n n a_X n _2
158,TPA_Nu_6_S0009_48,G a _2 tS o Nm _5a S 7 _6a h e t _5b h o n _2 ts_ a_X j _6a m 7_X t _5b,G a _2 tS o Nm _5a s 7 _6a h e t _5b h o n _2 ts_ a_X j _6a m 7_X t _5b,G 7 u Nm _5a S 7 _1 h e t _5b h M N _2 ts_ 7 j _6a m 7_X t _5b
159,NMA_7_NU_S0002_62,n a_X N _5a f a _1 ts_ u t _5b dZ O _5a,l a_X N _5a f a _1 ts_ u t _5b dZ O _5a,l a_X N _5a f a _5a t_h u _5a dZ o _5a
160,ĐNL_Nu_6_S0007_67,a _2 t 7 _5a t_h 7_X j _5a k a _5a b 7 j _1 z M7 j _5a S uo j _5a k 7_X w _6a a _6a,a _2 t 7 _5a t_h 7_X j _5a k a _5a b 7 j _1 z M7 j _5a s uo j _5a k 7_X w _6a a _6a,a _2 t_h M j _5a t_h 7_X j _5a k a m _5a b 7 j _5a r uo t _5a S uo j _5a k 7_X w _6a a _6a
161,CNBA_Nu_6_S0003_77,k O n _1 t e n _1 l a _2 ts_ u _1 N wp ie n _4 b a w _3 a n _1 S a_X w _1 d 7_X j _1 k O n _1 S E _4 d O_X kp _6b b a j _2 n a N _2 t ie n _1 k a _5a,k O n _1 t e n _1 l a _2 ts_ u _1 N wp ie n _4 b a w _3 a n _1 s a_X w _1 d 7_X j _1 k O n _1 S E _4 d O_X kp _6b b a j _2 l a N _2 t ie n _1 k a _5a,k O n _1 t e n _1 l a _2 ts_ u _4 N wp ie n _4 b a w _3 a n _1 S a_X w _1 d 7_X j _1 k O n _1 S E _4 d O_X kp _6b b a j _2 l a N _6b t e n _1 k a _5a
162,TPA_Nu_6_S0009_77,N E _1 S O_X kp _5b k O n _1 n O j _5a v 7_X j _6a ts_ i _6a k a _3 v o j _6a d a p _5b,N E _1 s O_X kp _5b k O n _1 n O j _5a v 7_X j _6a ts_ i _6a k a _3 v o j _6a d a p _5b,J E S O_X kp _1 k O n _1 O j _5a 7_X j _6a t_h i _2 k a _3 v o j _6a d a p _5b
163,NHM_7_NU_S0006_43,v i _2 S a w _1 t_h 7_X n _2 v i _2 S a w _1 o Nm _1 v i _2 S a w _1 t_h 7_X n _2 dZ O _5a l a j _6a a_X n _1 n a_X n _1 t O _3 v E _3 a_X n _1 n a_X n _1,v i _2 s a w _1 t_h 7_X n _2 v i _2 s a w _1 o Nm _1 v i _2 s a w _1 t_h 7_X n _2 dZ O _5a l a j _6a a_X n _1 l a_X n _1 t O _3 v E _3 a_X n _1 l a_X n _1,v i _2 S a_X w _1 t_h 7_X n _2 v i _2 S a w _1 o Nm _1 v i _2 S a w _1 t_h 7_X n _2 dZ O t _2 l a j _6a a a_X n _1 n a_X N _1 b O _3 a a_X n l a_X n _1
164,CNBA_Nu_6_S0003_163,v i _2 S a w _1 k a _5a m a_X N _1 b O _3 k a _5a m 7_X p _6b,v i _2 s a w _1 k a _5a m a_X N _1 b O _3 k a _5a m 7_X p _6b,v i _2 S a w _6a k a _5a m a_X m _6a h b O _3 k a _5a v a w _4
165,NHM_7_NU_S0006_62,r a_X m _2 t_h a N _5a b a_X j _3 n M7 k _5b J a_X j _3 l e n _1 b 7 _2,z a_X m _2 t_h a N _5a b a_X j _3 n M7 k _5b J a_X j _3 l e n _1 b 7 _2,r a_X N _2 a_X N _5a v a_X j _6a h M k _5b J 7_X n _6a n e n _2 b 7 _2
166,NMA_7_NU_S0002_238,k O n _1 ts_ a_X w _5a k uo _3 r o Nm _2 ts_ a_X w _5a t ie n _1,k O n _1 ts_ a_X w _5a k uo _3 z o Nm _2 ts_ a_X w _5a t ie n _1,k O n _1 ts_ O _5a k uo _3 z o Nm _2 ts_ a_X w _5a t ie n _3
167,PC_7_NAM_S0004_122,k O n _1 m E w _2 J a _2 t 7 _5a r 7_X t _5b d a N _5a ie w _1,k O n _1 m E w _2 J a _2 t 7 _5a z 7_X t _5b d a N _5a ie w _1,k O n _1 m e w _5a J a _2 t 7 _5a r 7_X t _6b d a N _5a ie w _1
168,NMA_7_NU_S0002_182,l u _4 k O n _1 ts_ ie m _1 ts_ ie p _5b t_h E w _1 l ie n _2 d a_X N _2 S a_X w _1,l u _4 k O n _1 ts_ ie m _1 ts_ ie p _5b t_h E w _1 l ie n _1 d a_X N _2 s a_X w _1,l u _6a k O n _1 ts_ ie m _1 ts_ ie p _5b t_h E w _1 l ie n _1 d a_X N _2 S a_X w _1
169,NMA_7_NU_S0002_26,l O_X Nm _2 S uo j _5a J ie w _2 d a _5a S a_X k _5b,l O_X Nm _2 s uo j _5a J ie w _2 d a _5a s a_X k _5b,l O_X Nm _2 S uo j _5a J ie w _2 d a _4 S a_X k _5b
170,NTM_Nam_6_S00010_11,k O _5a x M7 w _5a d E_X J _5a d u _1,k O _5a x ie w _5a d E_X J _5a d u _1,k O _5a h ie w _5a d E_X J _5a d u _1
171,CPT_Nu_6_S0004_28,n O _5a k wp a t _5b t O _1 l a m _2 ts_ uo t _6b k O n _1 r 7_X t _5b S 7 _6a,n O _5a k wp a t _5b t O _1 l a m _2 ts_ uo t _6b k O n _1 r 7_X t _5b s 7 _6a,n O _5a k wp a _3 t O _1 l a m _2 m o t ts_ uo t _6b k O n _1 r 7_X t _5b S 7 _6a
172,NMA_7_NU_S0002_222,7 _3 7_X w _1 k 7 _1 k u Nm _2 n a_X m _1 m M7 j _1 k O n _1 s i J _1 S i J _1 S o Nm _5a tS e n _1 d 7_X t _5b l ie n _2,7 _3 7_X w _1 k 7 _1 k u Nm _2 n a_X m _1 m M7 j _1 k O n _1 s i J _1 s o Nm _5a tS e n _1 d 7_X t _5b l ie n _2,a w _3 7_X w _1 k 7 _1 k u Nm n a_X m _1 m M7 j _1 k O n _1 S i J _1 S o Nm _5a tS e n _1 d 7_X t _5b l ie n _2
173,MK_7_NU_S0007_26,b O _2 7 j _1 b O _2 N i _3,b O _2 7 j _1 b O _2 N i _4,b O _2 7 j _1 b O _2 l i _1
174,TPA_Nu_6_S0009_73,S O_X kp _5b k O n _1 v 7_X N _1 l 7 j _2 b a _2 m a N _1 t_h M _1 d i _1,s O_X kp _5b k O n _1 v 7_X N _1 l 7 j _2 b a _2 m a N _1 t_h M _1 d i _1,s O kp _5b k O n _1 v O_X Nm _1 l 7 j _2 b a _2 m a N _1 t_h M _1 d i _1
175,PC_7_NAM_S0004_109,t 7 _5a k u Nm _4 r 7_X t _5b t_h i k _5b h wp a _1 h o Nm _2,t 7 _5a k u Nm _4 z 7_X t _5b t_h i k _5b h wp a _1 h o Nm _2,t 7 _5a k u Nm _5a r 7_X t t_h i k _5b h wp a h o Nm _2
176,CPT_Nu_6_S0004_126,S a N _5a S a N _5a m E _6a z 7_X n _4 ts_ u _5a d i _1 k ie m _5a a_X n _1,s a N _5a s a N _5a m E _6a z 7_X n _4 ts_ u _5a d i _1 k ie m _5a a_X n _1,S a N _5a S a N _5a m E _6a z 7_X n _1 ts_ u _5a d i _5a k ie m _5a a_X n _1
177,TTD_7_NAM_S0001_26,m a_X t _5b d E n _1 S a N _5a N 7 j _2,m a_X t _5b d E n _1 s a N _5a N 7 j _2,m a t _5b d E m _1 S a N _5a N 7 j _2
178,TPA_Nu_6_S0009_88,o j _1 t_h e _5a a _2 S O_X kp _5b ts_ i _6a b uo n _2 k wp a _5a,o j _1 t_h e _5a a _2 s O_X kp _5b ts_ i _6a b uo n _2 k wp a _5a,o j _1 t_h e _5a a _2 s a k _5b ts_ i _6a b uo n _2 k wp a _5a
179,NHM_7_NU_S0006_186,v uo _1 J 7_X n _6a r a _1 N a_X j _1 dZ O_X Nm _6a k uo _3 m E w _2 d a _4 t a_X N _6a m i J _2 r 7_X t _5b J ie w _2 m O n _5a k wp a _2 z a w _6a tS M7 k _5b,v uo _1 J 7_X n _6a z a _1 N a_X j _1 dZ O_X Nm _6a k uo _3 m E w _2 d a _4 t a_X N _6a m i J _2 z 7_X t _5b J ie w _2 m O n _5a k wp a _2 z a w _6a tS M7 k _5b,v M7 N _1 7_X n _6a r a _1 N a_X j _1 dZ O_X Nm _2 k uo _2 E w d a _4_6a t a_X N _2 r 7_X t _5b J ie w _2 O n _5a wp a _2 a N _6a tS M7 k _5b
180,NMA_7_NU_S0002_65,t_h wp a_X t _5b m uo _2 s wp 7_X n _1 S a N _1,t_h wp a t _5b m uo _2 s wp 7_X n _1 s a N _1,t_h a t _5b m uo _2 s wp 7_X n _1 S a N _1
181,THA_Nu_6_S00042_18,b a n _6a ts_ O _1 m i J _2 b ie t _5b t ie N _5a n a w _2 k O _5a 7_X m _1 S 7 _2,b a n _6a ts_ O _1 m i J _2 b ie t _5b t i J _5a n a w _2 k O _5a 7_X m _1 S 7 _2,m a _6a ts_ O _5a m i J _2 b ie t _5b t ie J _5a n a w _5a k O _5a 7_X m _1 s 7 _2
182,THA_7_NU_S0043_129,r a_X w _1 s u m _1 s wp e _1 n M7 N _1 b a j _4,r a_X w _1 s u m _1 s wp e _1 l M7 N _1 b a j _4,r a_X w _1 s u Nm _1 s wp E n _1 l M7 N _1 b a j _4
183,NHM_7_NU_S0006_84,n M7 k _5b z O_X Nm _2 S o Nm _1 k M w _3 l O_X Nm _1,n M7 k _5b z O_X Nm _2 s o Nm _1 k M w _3 l O_X Nm _1,n M7 _2 t_h o Nm _2 s o Nm _1 k M _3 l a_X w _1
184,MK_7_NAM_S0005_34,k wp e _1 t 7 _5a k O _5a m O n _5a b E_X J _5a d a _1 k e _5a r 7_X t _5b N O n _1 7 _2 d 7 n _1 dZ a n _3 J M N _1 m a _2 n O _5a l a j _6a r 7_X t _5b N O n _1,k wp e _1 t 7 _5a k O _5a m O n _5a b E_X J _5a d a _1 k e _5a z 7_X t _5b N O n _1 7 _2 d 7 n _1 dZ a n _3 J M N _1 m a _2 n O _5a l a j _6a z 7_X t _5b N O n _1,k wp e _1 t 7 _5a k O _5a m O n _5a b E_X J _5a d a w _1 k e _5a r 7_X t _5b N O n _1 7 t _6b tS a G 7 n _1 dZ a n _3 J M N _1_5a m a _2 n O _5a l a j _6a r 7_X t _5b N O n _1
185,TTD_7_NAM_S0001_134,k a j _5a S M N _2 n O _5a v e J _1 v e J _1,k a j _5a s M N _2 n O _5a v e J _1 v e J _1,k a j _5a S M N _5a n O _5a v e J _1 v e J _1
186,TPA_Nu_6_S0009_10,t ie p _5b d O _5a l a j _6a k wp a_X j _1 S a N _1 G a _2 m a j _5a v a N _2,t ie p _5b d O _5a l a j _6a k wp a_X j _1 s a N _1 G a _2 m a j _5a v a N _2,t ie p _5b d O _5a l a j k wp a_X j _1 S a N _1 G a _2 m a j _5a v a N _2
187,ĐNK_7_NU_S0048_146,ts_ E _1 tS E _1 ts_ 7 t _6b t M N _1 b M N _2,ts_ E _1 ts_ E _1 ts_ 7 t _6b t M N _1 b M N _2,ts_ a N _1 ts_ a _1 ts_ a_X t _2 t M N _1 b M N _2
188,MK_7_NAM_S0005_12,v M7 n _2 S a_X w _1 G a _2 b 7 j _5a dZ u n _1 l e n _1,v M7 n _2 s a_X w _1 G a _2 b 7 j _5a dZ u n _1 l e n _1,v 7_X n _2 s a_X w _1 G a _2 v 7 j _5a r u n _1 l e n _1
189,ĐNK_7_NU_S0048_24,r a_X w _1 s u m _1 s wp e _1 n M7 N _1 b a j _4,r a_X w _1 s u m _1 s wp e _1 n M7 N _1 m a j _4,r a_X w _1 s u Nm _1 s e m _1 n M7 w _1 m a j _6b
190,ĐNL_Nu_6_S0007_82,b a w _5a k O n _1 r 7_X t _5b b uo n _2,b a w _5a k O n _1 z 7_X t _5b b uo n _2,b O Nm _5a k O n _1 r 7_X t _5b b uo n _2
191,CPT_Nu_6_S0004_8,n O _5a k wp a t _5b r O _4 t O _1,n O _5a k wp a t _5b l o _6a t O _1,n O _5a k wp a t r o _6a t O _1
